episode	title	publishedAt	videoId	duration
1	Minecraft Far Lands or Bust - Episode #001 - The First Day	2011-03-07T06:10:15.000Z	Dp-IYneuHi8	899
2	Minecraft Far Lands or Bust - Episode #002 - Building a Log Cabin	2011-03-13T00:26:36.000Z	dTst27V0fqE	867
3	Minecraft Far Lands or Bust - Episode #003 - Unforeseeable Disaster	2011-03-14T17:49:42.000Z	tAAxl1AWoD8	818
4	Minecraft Far Lands or Bust - Episode #004 - Getting Even With The Creepers	2011-03-16T17:08:37.000Z	te57ktvcPzE	832
5	Minecraft Far Lands or Bust - Episode #005 - Moving In To My Log Cabin	2011-03-18T18:08:36.000Z	WWNjLOBJ0Qo	896
6	Minecraft Far Lands or Bust - Episode #006 - I've Been Busy	2011-03-20T18:35:14.000Z	ZsR7gXKa3-4	891
7	Minecraft Far Lands or Bust - Episode #007 - It looks dangerous... you go first.	2011-03-21T17:45:52.000Z	TaTRJmAE_LI	969
8	Minecraft Far Lands or Bust - Episode #008 - I appear to have lost my way...	2011-03-23T16:49:47.000Z	VHAkNfqF9aE	878
9	Minecraft Far Lands or Bust - Episode #009 - The Accidental Adventure	2011-03-25T17:12:35.000Z	XEy1iZ-6sxY	1165
10	Minecraft Far Lands or Bust - Episode #010 - A Sight For Sore Eyes	2011-03-27T05:19:52.000Z	jPfoO9I1I_k	917
11	Minecraft Far Lands or Bust - Episode #011 - Expedition To The Far Lands	2011-03-28T19:18:44.000Z	LAVHpMJdA9c	772
12	Minecraft Far Lands or Bust - Episode #012 - Avoiding The Apocalypse	2011-03-30T18:13:46.000Z	FE_Fd1ewJ6o	944
13	Minecraft Far Lands or Bust - Episode #013 - Arachnophobia	2011-03-31T16:15:18.000Z	2J6PSHfeERs	935
14	Minecraft Far Lands or Bust - Episode #014 - Continuing Our Expedition to the Far Lands	2011-04-03T18:03:38.000Z	4Muywdy9BuQ	926
15	Minecraft Far Lands or Bust - Episode #015 - Life-Changing Video Game Moments	2011-04-05T17:17:50.000Z	p6NBcj97VB0	1022
16	Minecraft Far Lands or Bust - Episode #016 - This Is Getting Out Of Hand	2011-04-07T18:14:45.000Z	o6KstF4m63w	1029
17	Minecraft Far Lands or Bust - Episode #017 - Your Wish Is My Command	2011-04-11T15:38:07.000Z	xqq4Pw3dDyE	940
18	Minecraft Far Lands or Bust - Episode #018 - They Knew I Was Coming...	2011-04-12T16:13:13.000Z	cBIqH7p2PnU	1386
19	Minecraft Far Lands or Bust - Episode #019 - A Mythical Creature of Mythic Proportions	2011-04-23T20:34:04.000Z	bd1mustkuaE	976
20	Minecraft Far Lands or Bust - Episode #020 - Get Out Of The Way, Pig	2011-04-25T18:17:18.000Z	KnXPrNPYO98	982
21	Minecraft Far Lands or Bust - Episode #021 - Life Imitates Video Games	2011-04-27T17:01:00.000Z	Hp_NQRuKdHg	897
22	Minecraft Far Lands or Bust - Episode #022 - Wibbly Wobbly Timey Wimey	2011-05-03T17:14:45.000Z	TRio_40j9ZA	951
23	Minecraft Far Lands or Bust - Episode #023 - The Memories	2011-05-05T16:11:11.000Z	6UW1-4gYAUk	1155
24	Minecraft Far Lands or Bust - Episode #024 - iTunes Shuffle Game	2011-05-07T05:12:57.000Z	36p56sZfyB8	1076
25	Minecraft Far Lands or Bust - Episode #025 - No Sense Of Direction	2011-05-12T05:14:43.000Z	PrUttRfIH1I	1066
26	Minecraft Far Lands or Bust - Episode #026 - Mutual Parting of Ways	2011-05-16T17:26:29.000Z	g4nahr_Zk48	1418
27	Minecraft Far Lands or Bust - Episode #027 - Getting A Little Bit Dodgy	2011-05-19T17:05:46.000Z	_wTzY3SoBqo	1443
28	Minecraft Far Lands or Bust - Episode #028 - The Monolith	2011-05-23T16:34:48.000Z	InO5m8I79mA	1423
29	Minecraft Far Lands or Bust - Episode #029 - Terraforming	2011-05-25T16:37:26.000Z	isxr6XzOIMA	1426
30	Minecraft Far Lands or Bust - Episode #030 - Wax Poetic	2011-05-27T18:05:22.000Z	adfUkSmE2pU	1428
31	Minecraft Far Lands or Bust - #031 - Fundraiser for Child's Play	2011-06-06T01:03:37.000Z	9O8ON8xsNdc	1384
32	Minecraft Far Lands or Bust - #032 - I need a BAAH	2011-06-07T05:54:13.000Z	-oo83kgMN_I	1943
33	Minecraft Far Lands or Bust - #033 - Panorama-rama	2011-06-09T17:31:37.000Z	7hdGy8eQKv8	1796
34	Minecraft Far Lands or Bust - #034 - Arch Nemesis	2011-06-10T16:58:00.000Z	DvY8qw6MXJo	1469
35	Minecraft Far Lands or Bust - #035 - THANK YOU!	2011-06-11T05:34:39.000Z	iVxZN8fa9Vg	678
36	Minecraft Far Lands or Bust - #036 - WAT.	2011-06-15T13:56:39.000Z	RkGFIn03Los	1361
37	Minecraft Far Lands or Bust - #037 - Sensible Explanation	2011-06-18T19:51:08.000Z	PRA9ghwXcgg	1487
38	Minecraft Far Lands or Bust - #038 - Floaty Town	2011-06-21T04:25:16.000Z	SbCEj-s5MXQ	1459
39	Minecraft Far Lands or Bust - #039 - Schrödinger's Wolf	2011-06-23T04:33:17.000Z	5kabwJlDXyg	1500
40	Minecraft Far Lands or Bust - #040 - Worst. Hidey hole. Ever.	2011-06-25T04:18:50.000Z	QMobNtbSBy4	1520
41	Minecraft Far Lands or Bust - #041 - Sense Of Direction	2011-06-29T05:09:21.000Z	fyeY24-d8YU	1511
42	Minecraft Far Lands or Bust - #042 - Rude Awakening	2011-07-01T02:20:04.000Z	YMwp1LpSbXc	1408
43	Minecraft Far Lands or Bust - #043 - Not Again!	2011-07-02T16:29:56.000Z	OplCkgnyqks	1545
44	Minecraft Far Lands or Bust - #044 - Mountain of Dooooom!	2011-07-06T00:42:26.000Z	Y7QEfBa2ZOE	1472
45	Minecraft Far Lands or Bust - #045 - Shake It Off	2011-07-08T23:45:17.000Z	uUva29gdx00	1470
46	Minecraft Far Lands or Bust - #046 - Hunger Shakes	2011-07-11T00:02:02.000Z	0P-MNtlN31I	1460
47	Minecraft Far Lands or Bust - #047 - Zombie Sheep	2011-07-12T01:31:39.000Z	0icBKIvCNRs	1511
48	Minecraft Far Lands or Bust - #048 - Crazy Lands	2011-07-14T17:40:45.000Z	vofzcpRDePQ	1437
49	Minecraft Far Lands or Bust - #049 - Celebratory Celebration	2011-07-16T01:25:47.000Z	UZvxhtn_Oxw	1569
50	Minecraft Far Lands or Bust - #050 - Final Piece of Gold	2011-07-17T23:21:45.000Z	oigJqk2Tj8I	1939
51	Minecraft Far Lands or Bust - #051 - Foreshadowing	2011-07-18T23:05:08.000Z	vGMOlaa5Pj0	1542
52	Minecraft Far Lands or Bust - #052 - Tongue Tied	2011-07-21T21:50:27.000Z	tG-JLbULVZU	1129
53	Minecraft Far Lands or Bust - #053 - OH $#!%! OH $#!%! OH $#!%!	2011-07-22T20:07:16.000Z	cGbLQIqdYZ8	1513
54	Minecraft Far Lands or Bust - #054 - Indeed	2011-07-26T16:16:07.000Z	Z2YmyGeLS5I	1513
55	Minecraft Far Lands or Bust - #055 - WTF is Discrete Mathematics?	2011-07-28T19:55:11.000Z	_S3BY8q7RZI	1471
56	Minecraft Far Lands or Bust - #056 - Creeper Town	2011-07-30T03:38:43.000Z	9LqQyJ46MlA	1448
57	Minecraft Far Lands or Bust - #057 - Elevated Hidey Hole	2011-08-01T06:02:27.000Z	1FEeEnBCtCQ	1555
58	Minecraft Far Lands or Bust - #058 - Naturally Generated Derp Tower	2011-08-02T20:17:08.000Z	bKTEB3GCXAE	2173
59	Minecraft Far Lands or Bust - #059 - Juno NASATweetup Day 1 Recap	2011-08-10T22:31:14.000Z	o-1PWdn9QJ0	1485
60	Minecraft Far Lands or Bust - #060 - Juno NASATweetup Day 2 Recap	2011-08-11T20:29:23.000Z	kNLJs-dca68	1574
61	Minecraft Far Lands or Bust - #061 - To MineCon, or not to MineCon	2011-08-12T18:08:20.000Z	Br0h1on0Cds	1461
62	Minecraft Far Lands or Bust - #062 - Keeping You Abreast	2011-08-17T01:01:26.000Z	nEwEJ9OkfnU	1522
63	Minecraft Far Lands or Bust - #063 - Waiting At The Front Door	2011-08-19T06:51:02.000Z	El-RygAx0yI	1477
64	Minecraft Far Lands or Bust - #064 - Deep Thoughts with kurtjmac	2011-08-20T18:52:49.000Z	qrnkIlTN8_o	1508
65	Minecraft Far Lands or Bust - #065 - Crazy Fairie Land	2011-08-22T16:21:19.000Z	rrlft_ttVc4	1486
66	Minecraft Far Lands or Bust - #066 - How Fortuitous	2011-08-24T17:17:05.000Z	BgqCgc5Z0WM	1415
67	Minecraft Far Lands or Bust - #067 - Name That Endless Pit!	2011-08-26T05:27:01.000Z	b_mhSdOYCIg	1554
68	Minecraft Far Lands or Bust - #068 - Almond Joy	2011-08-27T05:41:58.000Z	WORr7ONAGbQ	1501
69	Minecraft Far Lands or Bust - #069 - Internet Killed the Radio Host	2011-08-28T02:44:28.000Z	SSxSH9cWfKU	1483
70	Minecraft Far Lands or Bust - #070 - Full Moon	2011-09-01T01:44:22.000Z	wSfpYPux4JI	1476
71	Minecraft Far Lands or Bust - #071 - Howdy, Partner!	2011-09-02T03:38:01.000Z	KLn9e4TBH3w	1438
72	Minecraft Far Lands or Bust - #072 - A Little Bit Jaggy	2011-09-03T20:15:42.000Z	7UR3h1il5gg	1421
73	Minecraft Far Lands or Bust - #073 - The First Gig of Many!	2011-09-05T02:42:31.000Z	7QOTu3I13LU	1537
74	Minecraft Far Lands or Bust - #074 - Serpentine! Serpentine!	2011-09-07T23:14:46.000Z	m8G0ArroliI	1600
75	Minecraft Far Lands or Bust - #075 - Adventure Update Delay	2011-09-09T20:32:23.000Z	sli8HaG_tS0	1508
76	Minecraft Far Lands or Bust - #076 - Deal With It	2011-09-12T05:48:22.000Z	5fdVVrYeMkk	1492
77	Minecraft Far Lands or Bust - #077 - One Year Minecraft Anniversary	2011-09-14T02:55:53.000Z	SSjxsp_TTxI	1459
78	Minecraft Far Lands or Bust - #078 - Load-Bearing Shrubbery	2011-09-18T18:35:49.000Z	t-XEBdWEqQU	1497
79	Minecraft Far Lands or Bust - #079 - Creeper Burial Ground	2011-09-20T01:28:28.000Z	vu-6bGTLrU8	1467
80	Minecraft Far Lands or Bust - #080 - An Alarming Lack of Pigoos	2011-09-24T02:44:52.000Z	6dhPK5k4R60	1525
81	Minecraft Far Lands or Bust - #081 - Random Hole in the Sand	2011-09-25T04:07:19.000Z	-KaMf01FVaA	1499
82	Minecraft Far Lands or Bust - #082 - Put This On	2011-09-27T05:20:17.000Z	q2_ktQjaMHU	1483
83	Minecraft Far Lands or Bust - #083 - Ow, I've Been Shot!	2011-09-29T02:19:42.000Z	r0crz-2UDaA	1543
84	Minecraft Far Lands or Bust - #084 - Sad Trombone	2011-10-01T03:48:37.000Z	jU1cpEuVtWE	1473
85	Minecraft Far Lands or Bust - #085 - Dilly-dally	2011-10-04T02:25:10.000Z	X7gCpb3rMTs	1420
86	Minecraft Far Lands or Bust - #086 - Pterodactyl In The Ground	2011-10-06T16:26:17.000Z	s_RosqhwDSQ	1414
87	Minecraft Far Lands or Bust - #087 - Pitiful Ravine	2011-10-07T22:57:09.000Z	RSF4EB-4Jac	1371
88	Minecraft Far Lands or Bust - #088 - Special Guest Lorgon111!	2011-10-10T22:41:29.000Z	H4-8HOgyBGc	2127
89	Minecraft Far Lands or Bust - #089 - Living In A Hidey-Hole	2011-10-23T04:24:17.000Z	8uodPy7b_gg	1391
90	Minecraft Far Lands or Bust - #090 - Miscellaneous Everything	2011-10-28T16:24:12.000Z	pBZbOjetY38	1380
91	Minecraft Far Lands or Bust - #091 - Halloween Hidey Hole™	2011-11-01T02:17:57.000Z	Ff6rWS1s22E	1415
92	Minecraft Far Lands or Bust - #092 - Where's Wolfie?	2011-11-03T17:53:13.000Z	9Mmmy0bUfT4	1368
93	Minecraft Far Lands or Bust - #093 - Three Wishes	2011-11-07T03:08:44.000Z	gx9_gteMBsc	1372
94	Minecraft Far Lands or Bust - #094 - 8-hour 20-minute livestream details, guests & contest!	2011-11-10T06:42:02.000Z	O8mMTTCMNYU	2131
95	Minecraft Far Lands or Bust - #095 - Livestream Recap & Official Distance!	2011-11-14T21:00:21.000Z	4elq6kFMUPo	574
96	Minecraft Far Lands or Bust - #096 - The 292202 Monument	2011-11-18T05:07:58.000Z	SVm_G32mvsA	2034
97	Minecraft Far Lands or Bust - #097 - Continuing to the Far Lands!	2011-11-23T05:15:04.000Z	2m2h_K5fikc	1386
98	Minecraft Far Lands or Bust - #098 - Valley of the Waterfalls	2011-11-26T01:26:00.000Z	69LCiVu18tM	1372
99	Minecraft Far Lands or Bust - #099 - Motivation Time	2011-11-28T19:47:57.000Z	AMjVebsZJ54	1416
100	Minecraft Far Lands or Bust - #100 - In Stunning 3-D!!!!!!!!	2011-12-07T18:09:21.000Z	OWkDZl6AIJ4	1383
101	Minecraft Far Lands or Bust - #101 - Racing For Wool	2011-12-11T22:30:01.000Z	uYKgXstULsk	1420
102	Minecraft Far Lands or Bust - #102 - Pulling A Wolfie	2011-12-13T21:36:49.000Z	C0MnYKTAqbE	1357
103	Minecraft Far Lands or Bust - #103 - SOPA In Your Eyes	2011-12-21T04:55:29.000Z	yHQdh3RjREg	1361
104	Minecraft Far Lands or Bust - #104 - Red Cardboard Hat	2011-12-24T22:11:20.000Z	QKqVzJfrEUw	2038
105	Minecraft Far Lands or Bust - #105 - Cool Beans	2011-12-28T18:58:31.000Z	ZKmiLtIDrz8	1378
106	Minecraft Far Lands or Bust - #106 - 2011 Year In Review and Whatnot	2011-12-30T05:36:10.000Z	ylp7ZbCpXfk	1426
107	Minecraft Far Lands or Bust - #107 - Loud Keyboard Is Loud	2012-01-05T00:58:00.000Z	e9sniPRuI1A	1380
108	Minecraft Far Lands or Bust - #108 - Double Creeper, So Intense!	2012-01-06T04:08:10.000Z	LHUf2ljCBHo	1380
109	Minecraft Far Lands or Bust - #109 - Double Skeleton, So Intense!	2012-01-08T03:24:07.000Z	XqzsZ9Y0U5E	1411
110	Minecraft Far Lands or Bust - #110 - The We Didn't Get To See The Eclipsers	2012-01-13T00:27:23.000Z	FyCXLE7UQuU	1341
111	Minecraft Far Lands or Bust - #111 - Lag Spikes	2012-01-18T04:19:39.000Z	UZPMZpW6Pc0	1459
112	Minecraft Far Lands or Bust - #112 - Not-so-friendly SOPA Spiders	2012-01-20T01:39:30.000Z	JRqVsSnSc3U	1442
113	Minecraft Far Lands or Bust - #113 - The Cow Cliffs	2012-01-23T23:38:55.000Z	DnTAZfPZEMY	1387
114	Minecraft Far Lands or Bust - #114 - Silent Wolfie	2012-01-26T02:00:00.000Z	ZbdtXwGE7R4	1406
115	Minecraft Far Lands or Bust - #115 - Gravel Where The Sun Don't Shine	2012-01-28T23:30:00.000Z	LDkTjZ5SU9o	1356
116	Minecraft Far Lands or Bust - #116 - Pseudo Canyon of Woah	2012-02-01T02:30:00.000Z	FO7pvVudzp0	1335
117	Minecraft Far Lands or Bust - #117 - Looks Like Seananners' Dad	2012-02-03T05:00:00.000Z	3eqF4XaPvEI	1404
118	Minecraft Far Lands or Bust - #118 - Not Enough Beer & Too Much Berry	2012-02-05T00:00:00.000Z	e-f9MYfOdGI	1379
119	Minecraft Far Lands or Bust - #119 - Don't Take Career Advice from Astronauts	2012-02-07T03:30:00.000Z	eOBz7gRkuJM	1469
120	Minecraft Far Lands or Bust - #120 - Left Behind	2012-02-09T03:30:00.000Z	HTsH7-2qrWY	1511
121	Minecraft Far Lands or Bust - #121 - Wolfie's Revenge	2012-02-11T03:30:00.000Z	Va229HgHC9Y	1448
122	Minecraft Far Lands or Bust - #122 - The Stone Tree	2012-02-13T04:20:00.000Z	q2R7bd6Z9x0	1369
123	Minecraft Far Lands or Bust - #123 - I Bent My Wookie	2012-02-17T02:40:00.000Z	nnOp4eW7YHw	1393
124	Minecraft Far Lands or Bust - #124 - Arch of Amazing Ten-Percent-ness	2012-02-21T02:00:00.000Z	ypTYtrzg_vg	1464
125	Minecraft Far Lands or Bust - #125 - I Blame You, First Grade Teacher!	2012-02-24T03:10:00.000Z	QAcvwy0_mbI	1430
126	Minecraft Far Lands or Bust - #126 - Phantom Lava Cow	2012-02-28T21:10:00.000Z	uVWCFW5V4GI	1405
127	Minecraft Far Lands or Bust - #127 - Dungeon Day	2012-03-02T02:30:06.000Z	cD0OqLw31N0	2053
128	Minecraft Far Lands or Bust - #128 - Busted Toe	2012-03-07T00:10:08.000Z	vudShG0vhjQ	1365
129	Minecraft Far Lands or Bust - #129 - Geomagnetic Storm	2012-03-09T03:20:07.000Z	g8IsjgM8YMs	1370
130	Minecraft Far Lands or Bust - #130 - Pink Sheep!	2012-03-12T20:00:10.000Z	oLIMAyXK-Yg	1469
131	Minecraft Far Lands or Bust - #131 - Pants On Fire	2012-03-14T02:40:07.000Z	P1x7C_xgaBQ	1426
132	Minecraft Far Lands or Bust - #132 - Far Render Distance!	2012-03-21T22:10:09.000Z	B_VVGqEwzRs	1363
133	Minecraft Far Lands or Bust - #133 - Flock Of Chickens	2012-03-24T01:40:07.000Z	FPA9dem8Vbk	1378
134	Minecraft Far Lands or Bust - #134 - When I Grow Up	2012-03-27T17:10:07.000Z	ZNDQoRYp_DY	1420
135	Minecraft Far Lands or Bust - #135 - Raging Like A Madman	2012-03-31T23:11:07.000Z	YPbvWhyVstI	1409
136	Minecraft Far Lands or Bust - #136 - Wolf Hockey	2012-04-03T01:11:12.000Z	dIpkec00Skk	1435
137	Minecraft Far Lands or Bust - #137 - Sheep Rescue	2012-04-10T02:00:12.000Z	LTDN1O86I94	1422
138	Minecraft Far Lands or Bust - #138 - Comcastards!	2012-04-14T01:10:07.000Z	kpVK4tqTOYo	1435
139	Minecraft Far Lands or Bust - #139 - Look A Gift Horse in the Mouse	2012-04-17T22:47:07.000Z	3DWjfSinNTk	1446
140	Minecraft Far Lands or Bust - #140 - Suspicious Door is Suspicious	2012-04-19T22:45:33.000Z	6n4M7RAQCEE	1389
141	Minecraft Far Lands or Bust - #141 - The Weird Mealworm Guy	2012-04-23T01:00:08.000Z	GtHC2whijbM	1432
142	Minecraft Far Lands or Bust - #142 - Haunted Radio-Controlled Car	2012-04-24T22:02:51.000Z	GN1bDVW1WN0	1400
143	Minecraft Far Lands or Bust - #143 - Tips for YouTube Success (sort of)	2012-04-30T18:26:06.000Z	32wM72sPiWU	2116
144	Minecraft Far Lands or Bust - #144 - Hockey Stick Island	2012-05-03T22:00:10.000Z	wONpMHMEulo	1413
145	Minecraft Far Lands or Bust - #145 - Bourbon Banana Bread	2012-05-08T00:00:08.000Z	IVMta2s1WR4	1379
146	Minecraft Far Lands or Bust - #146 - A Bone To Pick	2012-05-10T00:30:07.000Z	c1P--piZPI8	1451
147	Minecraft Far Lands or Bust - #147 - Companion Creeper	2012-05-12T16:00:10.000Z	AfIFq21jov4	1405
148	Minecraft Far Lands or Bust - #148 - Ritz of Fage!	2012-05-15T23:30:09.000Z	EReuyl5_u4I	1398
149	Minecraft Far Lands or Bust - #149 - SpaceX Falcon9 Dragon Launch NASASocial Preview	2012-05-17T19:30:08.000Z	C9wYTDi2iPA	1545
150	Minecraft Far Lands or Bust - #150 - SpaceX NASASocial Travelogue Part 1	2012-05-22T00:00:10.000Z	3wDM7NljkZI	1439
151	Minecraft Far Lands or Bust - #151 - SpaceX NASASocial Travelogue Part 2	2012-05-24T17:00:11.000Z	3aVdnbQ-F3Q	2163
152	Minecraft Far Lands or Bust - #152 - Spider Sump Pump	2012-05-28T00:00:09.000Z	3DmNUfP6CDw	1443
153	Minecraft Far Lands or Bust - #153 - Valley of the Pig	2012-05-29T22:30:08.000Z	JNhlgslSa3Y	1387
154	Minecraft Far Lands or Bust - #154 - The Tweet of Notch	2012-05-30T22:30:08.000Z	_yBSEcrrJbs	1483
155	Minecraft Far Lands or Bust - #155 - Humble Indie Bundle 5	2012-06-02T01:00:11.000Z	9LoXaladksA	2058
156	Minecraft Far Lands or Bust - #156 - Walking on the Moon	2012-06-04T00:30:07.000Z	3KFxaB6aBcU	2066
157	Minecraft Far Lands or Bust - #157 - The Green Flash	2012-06-11T22:00:10.000Z	O4t_G_ESCbE	2049
158	Minecraft Far Lands or Bust - #158 - Spelunking	2012-06-14T02:30:07.000Z	Bhn62dtBtOw	1454
159	Minecraft Far Lands or Bust - #159 - Sand Cascade	2012-06-16T01:00:08.000Z	CZUR-wQJvWg	1382
160	Minecraft Far Lands or Bust - #160 - The Amazing Introvert-Man!	2012-06-19T22:30:09.000Z	PAjnTxOgwW8	1424
161	Minecraft Far Lands or Bust - #161 - Creeper Army Headquarters	2012-06-22T00:00:09.000Z	mnhyLg0c8KI	1419
162	Minecraft Far Lands or Bust - #162 - Over Encumbered	2012-06-24T23:00:08.000Z	Yk3tBIzJ4Gk	1417
163	Minecraft Far Lands or Bust - #163 - Tattoo Peaks	2012-06-26T23:30:08.000Z	Pd0KttIRsrw	1433
164	Minecraft Far Lands or Bust - #164 - Mechwarrior Mountain	2012-06-29T00:00:10.000Z	wxYF5Z6VDPo	1422
165	Minecraft Far Lands or Bust - #165 - Live Studio Audience	2012-07-01T23:00:09.000Z	HfhGLdLEgV0	1608
166	Minecraft Far Lands or Bust - #166 - Bent My Higgs Boson	2012-07-05T23:30:07.000Z	aXK26PWHjfA	2689
167	Minecraft Far Lands or Bust - #167 - Self Diagnosed Zombie	2012-07-08T17:00:09.000Z	TvOekLS9Wso	2054
168	Minecraft Far Lands or Bust - #168 - Lucid Dreaming Pirate	2012-07-10T21:30:08.000Z	UevzAwEJxvo	1440
169	Minecraft Far Lands or Bust - #169 - Bizarro 292202 Monument	2012-07-12T21:00:10.000Z	HR8RCon8w-M	2083
170	Minecraft Far Lands or Bust - #170 - Field of Dreams Moment	2012-07-17T17:00:18.000Z	f241sZ2EDVY	2032
171	Minecraft Far Lands or Bust - #171 - One Hundred Percent-ness!	2012-07-19T00:31:17.000Z	qF2-Hoqvqk0	2180
172	Minecraft Far Lands or Bust - #172 - Diamond Sword of Spawn-Pointyness	2012-07-24T17:00:12.000Z	wSOZb7aUzCs	2120
173	Minecraft Far Lands or Bust - #173 - Treeception	2012-07-27T22:06:41.000Z	KLB1gkzJavI	2132
174	Minecraft Far Lands or Bust - #174 - The Great Creeper Attack of 2012	2012-07-31T16:00:37.000Z	-hVaBLiETr0	2054
175	Minecraft Far Lands or Bust - #175 - Disney Indifference	2012-08-03T00:00:16.000Z	EC64m7N1Z4g	2138
176	Minecraft Far Lands or Bust - #176 - Sunday! Sunday! Sunday!	2012-08-04T17:00:21.000Z	cwRzpKH64NQ	2030
177	Minecraft Far Lands or Bust - #177 - FLoB-athon Lake	2012-08-08T18:00:14.000Z	0wCkLAH7yy4	2206
178	Minecraft Far Lands or Bust - #178 - The 699492 Monument	2012-09-01T17:00:32.000Z	s5opUPdVY0E	3142
179	Minecraft Far Lands or Bust - #179 - Saving Wolfie	2012-09-27T01:00:08.000Z	7uBRfjlv480	4296
180	Minecraft Far Lands or Bust - #180 - Weeping Golden Record	2012-10-02T22:00:31.000Z	teU1nRc0bso	2752
181	Minecraft Far Lands or Bust - #181 - Overcompensate For The Overcompensation	2012-10-12T01:00:10.000Z	FuggkJlIifs	2811
182	Minecraft Far Lands or Bust - #182 - Brain Damage	2012-10-15T21:00:12.000Z	nduLVkT3pMI	2157
183	Minecraft Far Lands or Bust - #183 - Glacier Centauri Basin	2012-10-21T21:00:11.000Z	WoSVexm69iU	2114
184	Minecraft Far Lands or Bust - #184 - Over Enunciation	2012-10-26T23:00:12.000Z	FUanwFutsok	2050
185	Minecraft Far Lands or Bust - #185 - Hawken Archway	2012-10-29T22:00:12.000Z	VXwkYYt-nfs	2046
186	Minecraft Far Lands or Bust - #186 - Head In A Fishbowl	2012-10-31T22:30:10.000Z	VRb--AjMFj4	2076
187	Minecraft Far Lands or Bust - #187 - Supporting Your Local YouTuber	2012-11-03T23:00:24.000Z	v4sdMVeVyn0	2061
188	Minecraft Far Lands or Bust - #188 - Talking About My Pants	2012-11-05T23:24:09.000Z	YrOXx11d5GY	2074
189	Minecraft Far Lands or Bust - #189 - Floating Tower of Flower	2012-11-09T02:00:21.000Z	TOQnTJoo1Ss	2129
190	Minecraft Far Lands or Bust - #190 - Pantalones de los Muertos	2012-11-14T00:00:52.000Z	nXmZEQjv2J4	2026
191	Minecraft Far Lands or Bust - #191 - Meet Charlie by Skyzm	2012-11-17T22:30:11.000Z	aHE9s4_VAQ4	2094
192	Minecraft Far Lands or Bust - #192 - Minecon Or Bust!	2012-11-21T16:30:22.000Z	qSzGMtZ2nO8	2750
193	Minecraft Far Lands or Bust - #193 - Post Minecon Jet Lag Voice	2012-11-27T23:01:46.000Z	ZiArdYnlYY4	864
194	Minecraft Far Lands or Bust - #194 - Jason Statham Initiative	2012-11-30T23:30:46.000Z	cJHs9_F77HE	2102
195	Minecraft Far Lands or Bust - #195 - Well Appointed Public Restrooms	2012-12-04T00:35:38.000Z	QVci5Aq_1zY	2119
196	Minecraft Far Lands or Bust - #196 - Russian Squids	2012-12-07T00:30:13.000Z	1qClIkDFVrU	2078
197	Minecraft Far Lands or Bust - #197 - Float Left	2012-12-08T23:00:29.000Z	nN1kkK0I3EM	2066
198	Minecraft Far Lands or Bust - #198 - Guude's Doppelganger	2012-12-12T02:07:23.000Z	No3TEq6Ut-s	2091
199	Minecraft Far Lands or Bust - #199 - FernGully!	2012-12-15T23:00:12.000Z	u5pZZ84lz_8	2675
200	Minecraft Far Lands or Bust - #200 - The Final Sunset	2012-12-21T23:00:23.000Z	DZQNJtg66wU	2657
201	Minecraft Far Lands or Bust - #201 - Oddly Shaped Bumpy Egg Head	2012-12-27T02:00:13.000Z	MCapGb-dxZc	2100
202	Minecraft Far Lands or Bust - #202 - Deer in the Headlights	2012-12-28T23:00:34.000Z	LtusRMKBeWI	2094
203	Minecraft Far Lands or Bust - #203 - Buzz Cut Mug	2013-01-01T00:00:27.000Z	xE4EdftLoXM	2136
204	Minecraft Far Lands or Bust - #204 - I Don't Even Lift!	2013-01-03T02:00:19.000Z	4es7kcLFir4	2095
205	Minecraft Far Lands or Bust - #205 - Desert Pig Song	2013-01-05T18:00:28.000Z	EoyK3hOYjhI	2002
206	Minecraft Far Lands or Bust - #206 - Keep an Eye on the Compass	2013-01-08T00:00:34.000Z	GnCpvQTBDcY	2092
207	Minecraft Far Lands or Bust - #207 - Chewing on Marbles	2013-01-10T00:32:46.000Z	pnaF8umHl1M	2043
208	Minecraft Far Lands or Bust - #208 - Broken Shears	2013-01-12T01:00:21.000Z	tIHzYitlgTg	2053
209	Minecraft Far Lands or Bust - #209 - Dance Around the Subject	2013-01-14T23:00:32.000Z	ZMZe4aswAjM	2147
210	Minecraft Far Lands or Bust - #210 - Mild Heart Attack	2013-01-17T23:00:25.000Z	-CZMNs-UNDk	2093
211	Minecraft Far Lands or Bust - #211 - Spawn Cabin Mark 2	2013-01-22T23:00:45.000Z	EDYlNHi_fwg	3369
212	Minecraft Far Lands or Bust - #212 - Sugar Tree	2013-01-25T00:00:44.000Z	RIIBfZHhpKA	2105
213	Minecraft Far Lands or Bust - #213 - Million Dollars	2013-01-29T00:00:53.000Z	xQ_J0AcjB8Q	2122
214	Minecraft Far Lands or Bust - #214 - Dungeon Chest Mystery	2013-02-01T02:00:43.000Z	xtiU2UgP14w	2060
215	Minecraft Far Lands or Bust - #215 - Challenging ChipIn & Channel Changes	2013-02-07T23:01:02.000Z	Jntx8HZfAQ4	2076
216	Minecraft Far Lands or Bust - #216 - Ambidextrous Wolf Attack	2013-02-12T23:01:00.000Z	iZRfJoAcAiY	2126
217	Minecraft Far Lands or Bust - #217 - Meteor Mayhem	2013-02-16T01:30:12.000Z	D4VzNS2y2I0	2088
218	Minecraft Far Lands or Bust - #218 - Fear Itself	2013-02-19T00:15:13.000Z	jsPZmf9cOGU	2102
219	Minecraft Far Lands or Bust - #219 - Base Jumping Playstation Sheep	2013-02-22T02:00:42.000Z	Qp14b6sby7o	2806
220	Minecraft Far Lands or Bust - #220 - Shag Carpeting	2013-02-26T00:50:08.000Z	FoTgmAZE-pc	2121
221	Minecraft Far Lands or Bust - #221 - Flabbergasted!	2013-03-01T00:06:20.000Z	VHjTOVMhBkY	2171
222	Minecraft Far Lands or Bust - #222 - Bringing Up The Rear	2013-03-04T23:03:09.000Z	z1PTKE4qqwk	2142
223	Minecraft Far Lands or Bust - #223 - Two Years Falls	2013-03-07T02:00:39.000Z	tACpxHjbozA	2818
224	Minecraft Far Lands or Bust - #224 - Clean Your Ducts	2013-03-09T00:32:21.000Z	VqzPaeRIMsg	2148
225	Minecraft Far Lands or Bust - #225 - Long Way Down	2013-03-12T00:16:53.000Z	NbF-KaBV_Gw	2097
226	Minecraft Far Lands or Bust - #226 - Widget Wackiness	2013-03-14T22:00:54.000Z	fSi8amHFJJw	2129
227	Minecraft Far Lands or Bust - #227 - Jeopardy Sound Effect	2013-03-19T22:33:52.000Z	hVEGhCcx-bo	2062
228	Minecraft Far Lands or Bust - #228 - Schizophrenic Me	2013-03-21T23:01:51.000Z	DDvOAFuy_e8	2054
229	Minecraft Far Lands or Bust - #229 - Celebrity Spawner Crushes	2013-03-23T23:00:31.000Z	FWp9YPdpiaU	2073
230	Minecraft Far Lands or Bust - #230 - Wolfie Tunes	2013-03-26T23:30:12.000Z	9scNfNZ0izE	2117
231	Minecraft Far Lands or Bust - #231 - TNT Plateau	2013-03-28T23:30:11.000Z	KevaEgCqDjI	2144
232	Minecraft Far Lands or Bust - #232 - Cross Boss	2013-04-01T22:00:21.000Z	vIEBCtL_JkM	2083
233	Minecraft Far Lands or Bust - #233 - Pink Sheep Eclipse	2013-04-04T00:20:07.000Z	QAF7w0PJscw	2128
234	Minecraft Far Lands or Bust - #234 - Pull Up Your Pants	2013-04-05T22:00:24.000Z	4UEX6T-N3Do	2108
235	Minecraft Far Lands or Bust - #235 - Like I Said	2013-04-09T22:00:19.000Z	3_o_709bLKA	2133
236	Minecraft Far Lands or Bust - #236 - Testimonials	2013-04-11T23:40:07.000Z	jRFISChiHcY	2083
237	Minecraft Far Lands or Bust - #237 - Sword Sharing	2013-04-16T17:00:22.000Z	8Er26L4oDbs	2079
238	Minecraft Far Lands or Bust - #238 - Model Trains	2013-04-18T22:00:22.000Z	8z2j7X9UEm4	2040
239	Minecraft Far Lands or Bust - #239 - Silence of the Sheep	2013-04-22T21:30:14.000Z	1Gg6eRUPTCI	2033
240	Minecraft Far Lands or Bust - #240 - Wiggly Ears	2013-04-25T02:00:09.000Z	rakaegPdxXE	2075
241	Minecraft Far Lands or Bust - #241 - Epileptic CISPA	2013-04-27T00:30:10.000Z	Syl1f7HmhBI	2132
242	Minecraft Far Lands or Bust - #242 - Anthropomorphize	2013-04-30T00:10:07.000Z	T_C88UikfOU	2109
243	Minecraft Far Lands or Bust - #243 - YouTube Not TheyTube	2013-05-01T22:30:09.000Z	pCL7h7NO2gg	2126
244	Minecraft Far Lands or Bust - #244 - Garage Door	2013-05-03T22:00:21.000Z	8SyKzb4CY5M	2156
245	Minecraft Far Lands or Bust - #245 - Sphinx Dunes	2013-05-07T01:50:07.000Z	yOL6pVGbxNE	2127
246	Minecraft Far Lands or Bust - #246 - Scented Starfish	2013-05-09T23:10:05.000Z	mdohYAOFoa8	2133
247	Minecraft Far Lands or Bust - #247 - Go raibh míle maith agat!	2013-05-13T23:45:07.000Z	VULOReB4Zt8	2054
248	Minecraft Far Lands or Bust - #248 - Sand Eclipse	2013-05-15T23:30:07.000Z	Xgl_16xcVyo	2150
249	Minecraft Far Lands or Bust - #249 - Trespassing	2013-05-18T18:01:02.000Z	izfcvXibSCU	2116
250	Minecraft Far Lands or Bust - #250 - Day of Numbers	2013-05-21T23:01:05.000Z	xSWL-oh6Ews	2059
251	Minecraft Far Lands or Bust - #251 - Floatingslabofsnowitis	2013-05-23T22:00:42.000Z	y6HtVyVyG40	2123
252	Minecraft Far Lands or Bust - #252 - Complain-y Stubborn Old Man	2013-05-25T23:40:32.000Z	FgrEecPv3Z8	2086
253	Minecraft Far Lands or Bust - #253 - Disco Shrubs	2013-05-28T22:00:49.000Z	e3_pC-h7TgM	2036
254	Minecraft Far Lands or Bust - #254 - Entitled Humidity	2013-05-30T22:00:48.000Z	GxGAOh1HRWY	2125
255	Minecraft Far Lands or Bust - #255 - New Overviewer Map!	2013-06-03T22:02:00.000Z	kNHzhMJQUtA	2071
256	Minecraft Far Lands or Bust - #256 - Jittery With Gusto	2013-06-05T23:30:07.000Z	ePLKkeKWbaA	2125
257	Minecraft Far Lands or Bust - #257 - Anti Dragonite	2013-06-07T23:00:34.000Z	HsYy9d1Cb94	2091
258	Minecraft Far Lands or Bust - #258 - Astronaut Vacation	2013-06-18T00:15:05.000Z	nNYBlrfMzk0	2122
259	Minecraft Far Lands or Bust - #259 - Vomitus Maximus	2013-06-20T00:40:44.000Z	Za9_jowmKuc	2106
260	Minecraft Far Lands or Bust - #260 - Longest. Season. Ever.	2013-06-21T22:00:42.000Z	tIYtNMaZJwg	2146
261	Minecraft Far Lands or Bust - #261 - Reverse Cabin Fever	2013-06-24T23:45:44.000Z	cgoKR0G0d3Q	2133
262	Minecraft Far Lands or Bust - #262 - Minecon 2013 Orland'oh!	2013-06-27T23:00:23.000Z	BxlY8WSV7F4	2166
263	Minecraft Far Lands or Bust - #263 - Saturday Creeper	2013-06-30T00:40:08.000Z	8OTLdqaqinw	2139
264	Minecraft Far Lands or Bust - #264 - Skeleton Beach Holiday	2013-07-01T22:55:08.000Z	99-d4VFQXYo	2104
265	Minecraft Far Lands or Bust - #265 - Tree Hat	2013-07-03T23:45:08.000Z	vnbLGKodoFU	2085
266	Minecraft Far Lands or Bust - #266 - Blackout Kurtains	2013-07-05T22:00:30.000Z	NTLNSPHO91I	2089
267	Minecraft Far Lands or Bust - #267 - Perfect Staircase	2013-07-09T22:00:22.000Z	0lbHCCKYd1c	2146
268	Minecraft Far Lands or Bust - #268 - Spoon Full of Honey	2013-07-12T16:00:41.000Z	9UMUCMTniEc	2126
269	Minecraft Far Lands or Bust - #269 - Remedial Math	2013-07-16T22:00:18.000Z	i_VTpecBUvk	2754
270	Minecraft Far Lands or Bust - #270 - Subconscious Wood Stacks	2013-07-18T22:00:20.000Z	b6mPFOVP-T4	2130
271	Minecraft Far Lands or Bust - #271 - Saddling of the Pigs	2013-07-20T23:30:10.000Z	o4uKuCJ7n2Q	2047
272	Minecraft Far Lands or Bust - #272 - Monkey's Uncle	2013-07-22T23:00:18.000Z	aC3Q8o-Yv5M	2096
273	Minecraft Far Lands or Bust - #273 - Possible Schizophrenia	2013-07-24T23:55:08.000Z	L6mg8kEAjJQ	2102
274	Minecraft Far Lands or Bust : #274 - Rolling R's	2013-07-26T23:59:09.000Z	Z_lPqNOJz3c	2101
275	Minecraft Far Lands or Bust - #275 - Castle Rock	2013-07-30T02:00:11.000Z	lHZdqGESVFk	2143
276	Minecraft Far Lands or Bust - #276 - MineCon 2013 Tickets	2013-08-01T16:00:45.000Z	C8DbP87wla0	2106
277	Minecraft Far Lands or Bust - #277 - Nose Picking Perspective	2013-08-03T16:00:35.000Z	Hr_1vF1X4pU	2182
278	Minecraft Far Lands or Bust - #278 - Lava Episode	2013-08-05T23:00:16.000Z	essulnqrILk	2089
279	Minecraft Far Lands or Bust - #279 - Vglog	2013-08-07T22:00:23.000Z	fjqVmqoaSag	2091
280	Minecraft Far Lands or Bust - #280 - Etho's Head	2013-08-09T23:45:09.000Z	Q-wX3GBblyA	2152
281	Minecraft Far Lands or Bust - #281 - Headphone Apple Pie	2013-08-13T00:05:09.000Z	RqGZ0BAJ9fQ	2157
282	Minecraft Far Lands or Bust - #282 - Beached Calamari	2013-08-14T23:00:17.000Z	1JUnfoJNkXA	2150
283	Minecraft Far Lands or Bust - #283 - Tired Old Face	2013-08-16T21:00:23.000Z	DVT5-9MDO0o	2103
284	Minecraft Far Lands or Bust - #284 - Dot Matrix Peppers	2013-08-20T00:01:08.000Z	uK2v12pMDHY	2069
285	Minecraft Far Lands or Bust - #285 - Military-Grade Man Purse	2013-08-21T22:30:13.000Z	Mdp4zxw6o2E	2201
286	Minecraft Far Lands or Bust - #286 - Surfboard Boat	2013-08-23T23:00:13.000Z	CnmVMA-PFR0	2179
287	Minecraft Far Lands or Bust - #287 - Automatic Obsidian	2013-08-27T04:21:26.000Z	hKt82PT081Y	2151
288	Minecraft Far Lands or Bust - #288 - PAX Prime Bound	2013-08-28T23:56:02.000Z	BOWyNF6Le_Q	2191
289	Minecraft Far Lands or Bust - #289 - Humpback Dramamine	2013-08-30T23:00:16.000Z	g1KNoIEGX9Y	2139
290	Minecraft Far Lands or Bust - #290 - Relative Convention Time Dialation	2013-09-05T15:00:36.000Z	jgvbY-1oXgE	2155
291	Minecraft Far Lands or Bust - #291 - Eroding Terrain	2013-09-08T15:00:36.000Z	lPp0PZTTOXE	2161
292	Minecraft Far Lands or Bust - #292 - Thunderstorm	2013-09-11T23:32:05.000Z	-IE11J2s0cU	2114
293	Minecraft Far Lands or Bust - #293 - Kriss Kross the Lizard	2013-09-13T23:00:12.000Z	Bq7R8iOXUuE	2167
294	Minecraft Far Lands or Bust - #294 - Schnapszahl	2013-09-16T23:00:10.000Z	Y4ayYNxm0tM	2092
295	Minecraft Far Lands or Bust - #295 - Indie Spaceflight Fedoras	2013-09-18T23:15:02.000Z	85-3e-Mao4s	2181
296	Minecraft Far Lands or Bust - #296 - Glitchy Boat Control Probe	2013-09-21T17:00:29.000Z	Jr9Acm_hbXM	2158
297	Minecraft Far Lands or Bust - #297 - Unscripted Video Pride	2013-09-23T22:00:12.000Z	F0-1AH5pmRA	2126
298	Minecraft Far Lands or Bust - #298 - Shoe Shine	2013-09-25T22:15:00.000Z	UPLG5nTn-Jw	2149
299	Minecraft Far Lands or Bust - #299 - Full-On Crazy	2013-09-27T23:59:00.000Z	4WDa4zoMrro	2127
300	Minecraft Far Lands or Bust - #300 - Bedrock	2013-09-30T22:45:01.000Z	f6SuWiGtMys	2137
301	Minecraft Far Lands or Bust - #301 - Do It Yourself	2013-10-02T23:00:01.000Z	4aU3zFmVPwQ	2214
302	Minecraft Far Lands or Bust - #302 - Spider Pendulum	2013-10-04T22:31:00.000Z	lwtswHV7yiI	2201
303	Minecraft Far Lands or Bust - #303 - Emergency Coffee Run	2013-10-08T00:01:00.000Z	5qbKoE3EKsk	2085
304	Minecraft Far Lands or Bust - #304 - Hi Juno!	2013-10-09T22:30:00.000Z	hfJp4e-FkHk	2133
305	Minecraft Far Lands or Bust - #305 - Uneven Sideburns	2013-10-11T22:00:01.000Z	-6FM3pz5mdU	2066
306	Minecraft Far Lands or Bust - #306 - Ice Cathedral	2013-10-15T22:30:01.000Z	w483DQE9B0I	2102
307	Minecraft Far Lands or Bust - #307 - Sidewalk Canyon	2013-10-17T22:00:04.000Z	rZlZdvv4GqA	2149
308	Minecraft Far Lands or Bust - #308 - Mindcrack Madness	2013-10-23T23:30:01.000Z	r87f3CXE-Jc	2046
309	Minecraft Far Lands or Bust - #309 - Minecon Hoe!	2013-10-29T21:00:01.000Z	gD0qeetCK_M	1503
310	Minecraft Far Lands or Bust - #310 - Sickness Distribution Service	2013-11-14T00:30:00.000Z	5h8C_7BNJ4o	2073
311	Minecraft Far Lands or Bust - #311 - GOLDEN APPLE	2013-12-12T01:08:28.000Z	2zjUH7on2aM	2100
312	Minecraft Far Lands or Bust - #312 - Flat Tires	2013-12-18T23:04:14.000Z	icMnwtpCA9I	2141
313	Minecraft Far Lands or Bust - #313 - Breaking the Rules	2014-01-01T00:00:01.000Z	i45F0RjvfFk	2102
314	Minecraft Far Lands or Bust - #314 - Valley of the Waterfalls	2014-01-08T23:00:02.000Z	UFRZmka3OJ8	2089
315	Minecraft Far Lands or Bust - #315 - Cactus of Incredible Height	2014-01-15T22:30:01.000Z	jzOvgaCYMkE	2052
316	Minecraft Far Lands or Bust - #316 - New Car Year	2014-01-17T23:30:00.000Z	z1vCuhOa4nc	2156
317	Minecraft Far Lands or Bust - #317 - Rosetta	2014-01-21T00:00:01.000Z	g9vtWUOm4MY	2163
318	Minecraft Far Lands or Bust - #318 - New Yorker	2014-01-24T23:30:00.000Z	iUtiJkNSPTo	2087
319	Minecraft Far Lands or Bust - #319 - Aggregation	2014-01-28T00:30:00.000Z	aADqEMCrbes	2117
320	Minecraft Far Lands or Bust - #320 - Pumpkin Protuberance	2014-01-29T23:00:06.000Z	fNrymrbuado	2077
321	Minecraft Far Lands or Bust - #321 - Dorm Cockroaches	2014-01-31T22:00:02.000Z	BIspL_pcy_I	2118
322	Minecraft Far Lands or Bust - #322 - Suddenly Chicken	2014-02-03T22:35:00.000Z	obdoYuQ4I80	2160
323	Minecraft Far Lands or Bust - #323 - Boing	2014-02-05T22:00:02.000Z	ZGzBH7mA_v4	2089
324	Minecraft Far Lands or Bust - #324 - Alley-oop	2014-02-07T22:30:02.000Z	lKUGcWgrU1s	2098
325	Minecraft Far Lands or Bust - #325 - Like A Glove	2014-02-10T22:00:02.000Z	mkymFWqoAwo	2064
326	Minecraft Far Lands or Bust - #326 - Tree Climbing Crocodiles	2014-02-13T01:00:01.000Z	8XgKMAngwgQ	2124
327	Minecraft Far Lands or Bust - #327 - Freezing Satellites	2014-02-15T01:00:01.000Z	nBxrHjozQFs	2138
328	Minecraft Far Lands or Bust - #328 - Ice Dam	2014-02-17T23:00:02.000Z	0Fe8j_s8c0c	2127
329	Minecraft Far Lands or Bust - #329 - Serenity Now!	2014-02-20T00:00:02.000Z	n1KrrcWhZk8	2157
330	Minecraft Far Lands or Bust - #330 - Suspicious Sheep	2014-02-22T00:30:01.000Z	89CX0WfkyKA	2183
331	Minecraft Far Lands or Bust - #331 - Sunrise	2014-02-25T00:00:01.000Z	Kw4bsfCp87I	2122
332	Minecraft Far Lands or Bust - #332 - Wolfie's Tamingday	2014-02-27T00:00:01.000Z	cPDt5qrwdbI	2189
333	Minecraft Far Lands or Bust - #333 - #Flobathon Details	2014-02-28T22:08:29.000Z	XfLyd5lUF_Q	2386
334	Minecraft Far Lands or Bust - #334 - 1479940 Monument	2014-03-07T02:00:00.000Z	MiMGXFu8BPc	2866
335	Minecraft Far Lands or Bust - #335 - Season 5 Fireworks!	2014-03-29T01:34:36.000Z	OBLMnRmKwc0	2822
336	Minecraft Far Lands or Bust - #336 - Acquisitions	2014-03-31T22:00:02.000Z	dRCaWla0yIk	2132
337	Minecraft Far Lands or Bust - #337 - Fog Distance	2014-04-02T21:00:03.000Z	LLKHwSi6coc	2116
338	Minecraft Far Lands or Bust - #338 - Maneuverable Boats	2014-04-04T21:00:01.000Z	wIHLrnynUlI	2134
339	Minecraft Far Lands or Bust - #339 - Enceladus	2014-04-07T22:00:02.000Z	QVc8YzjIPXM	2132
340	Minecraft Far Lands or Bust - #340 - End of an Era	2014-04-09T22:00:02.000Z	uUrA5Egz3IY	2156
341	Minecraft Far Lands or Bust - #341 - Memory Leak	2014-04-11T22:00:02.000Z	mjh7xjXGzXM	2148
342	Minecraft Far Lands or Bust - #342 - Attacked	2014-04-14T22:00:02.000Z	fsHIqoRKvvE	2118
343	Minecraft Far Lands or Bust - #343 - Slab of Ice	2014-04-16T21:00:02.000Z	4F1y7x_WHNw	2158
344	Minecraft Far Lands or Bust - #344 - Floss	2014-04-18T22:00:02.000Z	6IwWMoSQhuQ	2071
345	Minecraft Far Lands or Bust - #345 - Meteor Dog	2014-04-21T22:03:31.000Z	lHrFQ3XCLoY	2148
346	Minecraft Far Lands or Bust - #346 - Bake Your Bacon	2014-04-23T23:00:01.000Z	eJB5C-th3yU	2149
347	Minecraft Far Lands or Bust - #347 - Italics	2014-04-25T21:00:01.000Z	3PXi-w-puig	2134
348	Minecraft Far Lands or Bust - #348 - Burner Phone	2014-04-28T22:00:02.000Z	LjPsBIR5fic	2149
349	Minecraft Far Lands or Bust - #349 - Happy Place	2014-04-30T22:00:03.000Z	tqK85R39El4	2120
350	Minecraft Far Lands or Bust - #350 - Taco Tragedy	2014-05-02T22:00:04.000Z	5OVPEnzop5M	2075
351	Minecraft Far Lands or Bust - #351 - Mexican Radio	2014-05-05T22:30:01.000Z	NvkwlgBPmpo	2141
352	Minecraft Far Lands or Bust - #352 - Emissions Testing	2014-05-07T22:35:37.000Z	ytK35WlS7zk	2104
353	Minecraft Far Lands or Bust - #353 - Driver Chicago	2014-05-09T22:00:01.000Z	1-oM7stcw1w	2177
354	Minecraft Far Lands or Bust - #354 - Bee Analogy	2014-05-19T21:00:02.000Z	KRLXHXCW0Jc	2116
355	Minecraft Far Lands or Bust - #355 - Hail's Blazes	2014-05-22T00:00:01.000Z	wl8QP908j1U	2160
356	Minecraft Far Lands or Bust - #356 - Camelopardalids	2014-05-23T21:00:02.000Z	Ys3BnIsXbIo	2149
357	Minecraft Far Lands or Bust - #357 - Godzilla's Stumpy Leg	2014-05-26T21:00:02.000Z	UiQVY-5hYPE	2239
358	Minecraft Far Lands or Bust - #358 - Visual Cues	2014-05-28T22:00:02.000Z	pu3lJSPTGew	2235
359	Minecraft Far Lands or Bust - #359 - Opportunistic Thrillseeker	2014-05-30T22:00:01.000Z	JrYNfX7-Ef0	2208
360	Minecraft Far Lands or Bust - #360 - X Marks The Spot	2014-06-02T21:00:02.000Z	HBGW4XYGkyI	2143
361	Minecraft Far Lands or Bust - #361 - Bustling Contractors	2014-06-05T00:00:01.000Z	gf7cVCFDwsM	2156
362	Minecraft Far Lands or Bust - #362 - Up Too Late	2014-06-06T22:00:02.000Z	ifiOSAMAJSg	2242
363	Minecraft Far Lands or Bust - #363 - Invisible Points	2014-06-09T23:00:02.000Z	txhG-1bwirI	2162
364	Minecraft Far Lands or Bust - #364 - Team Sobriety	2014-06-12T01:00:00.000Z	1lHtGqepJMQ	2076
365	Minecraft Far Lands or Bust - #365 - Year of Episodes	2014-06-13T21:30:00.000Z	UcjfGUEXHgQ	2147
366	Minecraft Far Lands or Bust - #366 - Drowning in Sarcasm	2014-06-16T22:00:02.000Z	VMJpdEx_DS4	2122
367	Minecraft Far Lands or Bust - #367 - Exam Nightmares	2014-06-18T22:30:01.000Z	Bywy96MsaiY	2161
368	Minecraft Far Lands or Bust - #368 - Big Words	2014-06-20T21:30:01.000Z	7TdR85EF6wU	2195
369	Minecraft Far Lands or Bust - #369 - Apocalyptic Wasteland	2014-06-23T23:30:01.000Z	bMLVlquo3B4	2144
370	Minecraft Far Lands or Bust - #370 - Gravity Cow	2014-06-25T21:30:01.000Z	XCwbh3KZi7A	2202
371	Minecraft Far Lands or Bust - #371 - Transit of Sand	2014-06-27T21:30:01.000Z	-lSD5cNcSW0	2179
372	Minecraft Far Lands or Bust - #372 - Gimme Bitrate	2014-06-30T21:00:02.000Z	ll9PGKJKEiw	2185
373	Minecraft Far Lands or Bust - #373 - Tunnel Vision	2014-07-02T21:00:02.000Z	k5nO3qXzgoI	2203
374	Minecraft Far Lands or Bust - #374 - TNT Cannon!	2014-07-05T23:30:00.000Z	NOxJUWunnfM	2258
375	Minecraft Far Lands or Bust - #375 - Take Shoes Away	2014-07-07T22:00:02.000Z	0WLK19znfB0	2155
376	Minecraft Far Lands or Bust - #376 - Holey Mountain	2014-07-09T22:30:01.000Z	NNmI0QjGtTc	2214
377	Minecraft Far Lands or Bust - #377 - Bunch of Bananas	2014-07-11T22:00:03.000Z	vORrec20wUY	2124
378	Minecraft Far Lands or Bust - #378 - Nintendo Hates Us!	2014-07-15T21:30:01.000Z	_dpe2Gmu-JU	2225
379	Minecraft Far Lands or Bust - #379 - FlobDiscovery!	2014-07-17T22:00:02.000Z	O1fydTuHwQ4	2216
380	Minecraft Far Lands or Bust - #380 - Sheep Science	2014-07-19T00:30:00.000Z	RnGxvWgG5NY	2205
381	Minecraft Far Lands or Bust - #381 - Breaking Breakfast	2014-07-21T22:30:01.000Z	xoZpidPpv-A	2127
382	Minecraft Far Lands or Bust - #382 - Make-Up My Mind	2014-07-23T22:34:17.000Z	Avp6yDVd5r8	2160
383	Minecraft Far Lands or Bust - #383 - Out on a Limb	2014-07-25T21:30:01.000Z	4riCeZIIh5c	2174
384	Minecraft Far Lands or Bust - #384 - Parkour Wolfie	2014-07-28T22:00:04.000Z	TS52Ctyiqo4	2245
385	Minecraft Far Lands or Bust - #385 - Expecto Patreonum	2014-07-31T02:32:23.000Z	ns1S2O5rV9A	2199
386	Minecraft Far Lands or Bust - #386 - Paleontology	2014-08-01T23:30:00.000Z	CGy9L770fXQ	2226
387	Minecraft Far Lands or Bust - #387 - Mobster Cow	2014-08-04T21:30:01.000Z	vRpNRWURLaI	2235
388	Minecraft Far Lands or Bust - #388 - MoMA	2014-08-07T00:30:00.000Z	Xje46bt3Gqo	2153
389	Minecraft Far Lands or Bust - #389 - Pink Sheep Pandemic	2014-08-08T23:00:02.000Z	xOMp86gcBu4	2225
390	Minecraft Far Lands or Bust - #390 - Sleep Deprivation	2014-08-11T21:30:01.000Z	9SLwa4DThJY	2226
391	Minecraft Far Lands or Bust - #391 - Timed Exclusive	2014-08-13T21:30:01.000Z	dO5ekXnmlIk	2159
392	Minecraft Far Lands or Bust - #392 - Cryogenics	2014-08-15T21:30:01.000Z	U-Scz22hL1o	2147
393	Minecraft Far Lands or Bust - #393 - Symmetrical Sand	2014-08-18T21:30:01.000Z	xp8hsYqiD4o	2180
394	Minecraft Far Lands or Bust - #394 - Wires Crossed	2014-08-20T23:00:02.000Z	eZ6ZegjIt_E	2233
395	Minecraft Far Lands or Bust - #395 - Nostalgic	2014-08-22T21:30:01.000Z	aa4dIbNUHBY	2155
396	Minecraft Far Lands or Bust - #396 - By The Cherries	2014-08-26T00:32:30.000Z	ygffnsbHBqA	2196
397	Minecraft Far Lands or Bust - #397 - Teetotal	2014-08-27T21:30:01.000Z	8Cuen9CjMic	2160
398	Minecraft Far Lands or Bust - #398 - Stutters	2014-08-30T01:00:02.000Z	Qk4zNsIdu0U	2180
399	Minecraft Far Lands or Bust - #399 - Peanut Butter Blobs	2014-09-01T22:30:01.000Z	O1g3AgHsjZE	2206
400	Minecraft Far Lands or Bust - #400 - Everything In Fours	2014-09-04T16:00:13.000Z	cd89XzZXstE	3600
401	Minecraft Far Lands or Bust - #401 - Creeper Attractor	2014-09-05T22:00:06.000Z	hC1DzBdQWAM	2195
402	Minecraft Far Lands or Bust - #402 - Gentle Hum	2014-09-08T21:41:13.000Z	Ex_B6XYhLuQ	2222
403	Minecraft Far Lands or Bust - #403 - Internet Slo Mo	2014-09-10T22:00:04.000Z	9yBebAhGeoc	2184
404	Minecraft Far Lands or Bust - #404 - Wolfie Not Found	2014-09-12T22:00:05.000Z	_ukFJbPT-d0	2246
405	Minecraft Far Lands or Bust - #405 - Different Octave	2014-09-15T23:00:03.000Z	s4JF_Qoi8qs	2230
406	Minecraft Far Lands or Bust - #406 - Small Thumbsticks	2014-09-17T22:30:01.000Z	IWnK3YHkTas	2184
407	Minecraft Far Lands or Bust - #407 - Wiggle Mountain	2014-09-19T22:00:07.000Z	RD1dayRHF6s	2158
408	Minecraft Far Lands or Bust - #408 - Space Mice	2014-09-22T21:30:01.000Z	zO3DoI4RNyI	2182
409	Minecraft Far Lands or Bust - #409 - OCD Graphics	2014-09-24T23:00:05.000Z	3vxSp_zTOiU	2133
410	Minecraft Far Lands or Bust - #410 - Pack Hunter	2014-09-26T21:30:00.000Z	TA43aJbbEQk	2164
411	Minecraft Far Lands or Bust - #411 - Cookie Cavities	2014-09-29T22:00:04.000Z	WTIpdLzuOUo	2311
412	Minecraft Far Lands or Bust - #412 - Heavy Feather	2014-10-01T21:30:01.000Z	kk85KF_eQmQ	2215
413	Minecraft Far Lands or Bust - #413 - Bobcat	2014-10-03T22:00:03.000Z	BM__l3YrQB0	2122
414	Minecraft Far Lands or Bust - #414 - Waterfall of Inspiration	2014-10-06T23:30:00.000Z	9Kph3osA4TY	2194
415	Minecraft Far Lands or Bust - #415 - Heart Lake	2014-10-08T21:30:01.000Z	Zgvbohi1sf0	2169
416	Minecraft Far Lands or Bust - #416 - Public Transportation	2014-10-11T00:13:06.000Z	eJOgKSPZjqQ	2218
417	Minecraft Far Lands or Bust - #417 - Doggie Voice	2014-10-13T23:00:02.000Z	1n2zrJjsBrM	2264
418	Minecraft Far Lands or Bust - #418 - Turquoise Sky	2014-10-16T01:30:01.000Z	q-hlhH9w0KE	2148
419	Minecraft Far Lands or Bust - #419 - Skeleton Battle!	2014-10-17T22:30:03.000Z	45ZXnpAxDOI	1547
420	Minecraft Far Lands or Bust - #420 - Black Friday Special	2014-11-29T02:00:03.000Z	r_iTf0Z1hNs	2924
421	Minecraft Far Lands or Bust - #421 - Restocking Fee	2014-12-02T00:00:00.000Z	4J--eETDhMI	2179
422	Minecraft Far Lands or Bust - #422 - Random Noises	2014-12-04T00:24:37.000Z	5uWmfQ3fSCI	2200
423	Minecraft Far Lands or Bust - #423 - Visual Novel	2014-12-05T23:30:02.000Z	dwDzFIjfwJM	2153
424	Minecraft Far Lands or Bust - #424 - Waterfall God	2014-12-09T23:00:05.000Z	qRkOaNAk9V0	2190
425	Minecraft Far Lands or Bust - #425 - Lava Blade	2014-12-12T01:00:06.000Z	lw8iFge_hAg	2239
426	Minecraft Far Lands or Bust - #426 - Tinsel Twister	2014-12-14T01:35:28.000Z	ofJYcqW5GUk	2166
427	Minecraft Far Lands or Bust - #427 - Combobulation	2014-12-17T01:19:46.000Z	oa_QqkG86Uo	2235
428	Minecraft Far Lands or Bust - #428 - Reduce. Reuse. Recycle.	2014-12-18T03:00:02.000Z	Ia8wEK-kpi4	2222
429	Minecraft Far Lands or Bust - #429 - Notch's Homesitter	2014-12-20T01:30:01.000Z	Buw_q0mj6do	2184
430	Minecraft Far Lands or Bust - #430 - Card Shark	2014-12-23T03:30:00.000Z	JRnwWaEnguE	2221
431	Minecraft Far Lands or Bust - #431 - Noodle Arms	2014-12-25T01:30:03.000Z	qeyqOU-QVa4	2097
432	Minecraft Far Lands or Bust - #432 - Large Coffee	2014-12-30T00:00:02.000Z	xAvDyjYirHU	2171
433	Minecraft Far Lands or Bust - #433 - Shiny New Duds	2014-12-31T23:00:22.000Z	Ik0I4hPr6oc	2210
434	Minecraft Far Lands or Bust - #434 - Bespeckled	2015-01-06T00:30:02.000Z	Wphh09rHRDs	2196
435	Minecraft Far Lands or Bust - #435 - Spires of Atlantis	2015-01-07T23:30:02.000Z	MeLk0fcdsEk	2200
436	Minecraft Far Lands or Bust - #436 - Massive	2015-01-10T00:30:01.000Z	C1Za05f3SPw	2174
437	Minecraft Far Lands or Bust - #437 - Soda Stomach	2015-01-13T01:00:03.000Z	1_KMWm5r5UE	2176
438	Minecraft Far Lands or Bust - #438 - Dark Spaces	2015-01-15T00:30:00.000Z	1-YzjxOKQ6A	2237
439	Minecraft Far Lands or Bust - #439 - Stuck in a Boat	2015-01-17T01:00:03.000Z	OkGcJInofSI	2180
440	Minecraft Far Lands or Bust - #440 - Co-Pilot Panic	2015-01-20T00:00:02.000Z	WZCKx4Ih5uI	2213
441	Minecraft Far Lands or Bust - #441 - Terrain Echoes	2015-01-21T23:00:07.000Z	jRWY-PzAuBs	2189
442	Minecraft Far Lands or Bust - #442 - Forgot the Alamo	2015-01-28T23:30:00.000Z	D5liZxi6KJk	2180
443	Minecraft Far Lands or Bust - #443 - Themes	2015-01-31T01:30:01.000Z	oE-BRShrs54	2218
444	Minecraft Far Lands or Bust - #444 - Toilet Attack	2015-02-03T02:30:01.000Z	xLIQCHxgCvQ	2120
445	Minecraft Far Lands or Bust - #445 - Floating Cactus	2015-02-05T01:00:00.000Z	dF6GFbM2kXY	2160
446	Minecraft Far Lands or Bust - #446 - EAST!	2015-02-06T23:30:01.000Z	RUadN-BhY6w	2310
447	Minecraft Far Lands or Bust - #447 - Active Volcano	2015-02-10T01:29:06.000Z	CjSd9PQVkME	2198
448	Minecraft Far Lands or Bust - #448 - Series of Tubes	2015-02-12T00:25:37.000Z	0_hwhALqJLU	2252
449	Minecraft Far Lands or Bust - #449 - States Song	2015-02-13T23:00:00.000Z	5AjIxH2Cda0	2188
450	Minecraft Far Lands or Bust - #450 - Lemons	2015-02-17T01:00:01.000Z	IuDv0mV6x4I	2259
451	Minecraft Far Lands or Bust - #451 - Yearning	2015-02-19T05:39:23.000Z	3KfQaPtRUHs	2263
452	Minecraft Far Lands or Bust - #452 - Pink Oracle	2015-02-21T02:00:01.000Z	BRfiv8BIf4Q	2927
453	Minecraft Far Lands or Bust - #453 - Burnt Dandelions	2015-02-24T00:31:50.000Z	2lVUnnE0CSA	2179
454	Minecraft Far Lands or Bust - #454 - Day Ahead	2015-02-27T21:00:04.000Z	dqsR4mUBDPg	2260
455	Minecraft Far Lands or Bust - #455 - Cookie Monster	2015-03-03T01:30:01.000Z	NSW4AOrllts	2290
456	Minecraft Far Lands or Bust - #456 - Palatable Noodle	2015-03-05T03:00:01.000Z	I3i8IkUCFkk	2264
457	Minecraft Far Lands or Bust - #457 - FOUR MORE YEARS!	2015-03-07T00:00:00.000Z	KKUXmqgGioo	2271
458	Minecraft Far Lands or Bust - #458 - Vocal Exercises	2015-03-10T01:00:16.000Z	dKwwnkSfKtw	2214
459	Minecraft Far Lands or Bust - #459 - Sheep Go Boom	2015-03-14T01:30:01.000Z	zEFKXEnngBE	2216
460	Minecraft Far Lands or Bust - #460 - Bloomin' Onion	2015-03-17T01:00:00.000Z	Wxv7BZK7Hhc	2203
461	Minecraft Far Lands or Bust - #461 - Barbershop Anxiety	2015-03-19T02:30:00.000Z	uiUcEGJdvco	2138
462	Minecraft Far Lands or Bust - #462 - Trapped Under Ice	2015-03-21T21:00:00.000Z	II5IiXhcmRY	2115
463	Minecraft Far Lands or Bust - #463 - Twinkies	2015-03-24T00:30:01.000Z	gSNkRNU0HsQ	2171
464	Minecraft Far Lands or Bust - #464 - Petri Dish Meat	2015-03-25T23:30:01.000Z	yK1bHSvxYgc	2194
465	Minecraft Far Lands or Bust - #465 - Dog Adopted	2015-03-28T03:00:00.000Z	Nd86ZVa87WU	2200
466	Minecraft Far Lands or Bust - #466 - Pole Problems	2015-03-30T21:00:01.000Z	MGRXUWyLHUA	2183
467	Minecraft Far Lands or Bust - #467 - Nose Picker	2015-04-01T21:00:00.000Z	JNdRdWGa2O0	2210
468	Minecraft Far Lands or Bust - #468 - Not a Dinosaur	2015-04-04T01:00:01.000Z	G7TLh9bip-E	2091
469	Minecraft Far Lands or Bust - #469 - Loose Leaf	2015-04-06T23:30:01.000Z	o_hDuFgpH9A	2125
470	Minecraft Far Lands or Bust - #470 - Two Pixel Offset	2015-04-09T02:00:00.000Z	yvfRRDtGmuc	2269
471	Minecraft Far Lands or Bust - #471 - Floating Point Boundary!	2015-04-11T02:00:00.000Z	dMCDm9rY1uo	2699
472	Minecraft Far Lands or Bust - #472 - Science Experiments	2015-04-14T04:30:01.000Z	JzQj4yHjdiw	2242
473	Minecraft Far Lands or Bust - #473 - Vanishing Sign	2015-04-15T22:30:01.000Z	a6Fs76xvhwk	2212
474	Minecraft Far Lands or Bust - #474 - Spring Chicken	2015-04-18T01:00:00.000Z	DYewSyFe8nI	2321
475	Minecraft Far Lands or Bust - #475 - Nefarious Proteins	2015-04-28T00:00:00.000Z	7ItihkkeyXc	2222
476	Minecraft Far Lands or Bust - #476 - Express Hidey-Hole	2015-04-30T00:30:01.000Z	xkQ4tcngH6g	2267
477	Minecraft Far Lands or Bust - #477 - Incredulicious	2015-05-02T01:30:00.000Z	phSoImGb5Nk	2183
478	Minecraft Far Lands or Bust - #478 - Tour Guide	2015-05-05T01:30:00.000Z	K1eYdHCHDrs	2285
479	Minecraft Far Lands or Bust - #479 - Dangling	2015-05-07T01:00:01.000Z	IUgbwR756uY	2094
480	Minecraft Far Lands or Bust - #480 - Snowball Heart	2015-05-08T22:00:03.000Z	xcVDcpoPB-k	2243
481	Minecraft Far Lands or Bust - #481 - Presidential Campaign	2015-05-11T21:00:01.000Z	ktiOMFo8GuE	3543
482	Minecraft Far Lands or Bust - #482 - Squeaky Toys	2015-05-13T23:30:00.000Z	LK0uXftssUs	2213
483	Minecraft Far Lands or Bust - #483 - Wristwatch Time Zones	2015-05-16T00:30:00.000Z	xAybeaMXJRE	2224
484	Minecraft Far Lands or Bust - #484 - Fifty Thousand!	2015-05-19T16:00:06.000Z	YVv87Re7odw	2795
485	Minecraft Far Lands or Bust - #485 - Modes of Transport	2015-05-21T04:00:00.000Z	i-7f_M8oY2o	2265
486	Minecraft Far Lands or Bust - #486 - Death, Nearly	2015-05-23T00:30:01.000Z	T_xPNA0wKfg	2256
487	Minecraft Far Lands or Bust - #487 - Extended Warranties	2015-05-25T23:30:00.000Z	GPiZCacdXWM	2256
488	Minecraft Far Lands or Bust - #488 - Life... Finds a Way	2015-05-28T03:00:00.000Z	pLo5IawWZqk	2222
489	Minecraft Far Lands or Bust - #489 - Stress Free* FLoB-athon!	2015-05-30T04:14:23.000Z	xsaZN6dAfes	2319
490	Minecraft Far Lands or Bust - #490 - 2,266,779 Monument	2015-06-09T02:30:01.000Z	rxBfO7f_tSc	3468
491	Minecraft Far Lands or Bust - #491 - Season 6: To Pluto!	2015-08-08T20:00:00.000Z	5_qVn1yjmnY	2889
492	Minecraft Far Lands or Bust - #492 - Moist Delicatessen Meal	2015-08-11T20:00:00.000Z	uoPe148oTmw	2222
493	Minecraft Far Lands or Bust - #493 - Clogged Obelisk	2015-08-13T20:00:01.000Z	6UssqnZuCkg	2402
494	Minecraft Far Lands or Bust - #494 - Ankle Support	2015-08-15T20:00:01.000Z	8pcjWzyZbCc	2228
495	Minecraft Far Lands or Bust - #495 - Basket Case	2015-08-18T20:00:01.000Z	4G_WuqU2FEo	2194
496	Minecraft Far Lands or Bust - #496 - The Worst Advice	2015-08-20T20:00:01.000Z	ycfN4pHowrk	2216
497	Minecraft Far Lands or Bust - #497 - Top Three Games	2015-08-22T20:00:01.000Z	l2-0IFakmus	2189
498	Minecraft Far Lands or Bust - #498 - Sheep in Pig's Clothing	2015-08-25T20:00:00.000Z	4UiDblbXE-w	2167
499	Minecraft Far Lands or Bust - #499 - Six Block Tall Cactus	2015-08-27T20:53:17.000Z	rh8PCJQPzTU	2233
500	Minecraft Far Lands or Bust - #500 - Snazzy Diamond Boots!	2015-08-29T20:00:00.000Z	OYuJP9Kb1OM	3022
501	Minecraft Far Lands or Bust - #501 - Fighting Fire with Fire	2015-09-03T19:00:00.000Z	NL3fkhygPQA	2251
502	Minecraft Far Lands or Bust - #502 - Guinness World Record	2015-09-05T19:00:00.000Z	JAFC99RtF2I	2219
503	Minecraft Far Lands or Bust - #503 - Overviewer Over-Bandwidth	2015-09-08T20:00:01.000Z	W3KBTsMgT14	2240
504	Minecraft Far Lands or Bust - #504 - Alice in Wonderland Syndrome	2015-09-10T20:00:00.000Z	6ThZeelaFQk	2273
505	Minecraft Far Lands or Bust - #505 - De-orbiting Tardigrades	2015-09-12T20:00:01.000Z	JbJXLg2eY1c	2178
506	Minecraft Far Lands or Bust - #506 - Real Estate Conspiracies	2015-09-15T20:00:00.000Z	N3MqRBqPg8Y	2260
507	Minecraft Far Lands or Bust - #507 - Dungeons & Tangents	2015-09-17T20:00:00.000Z	HqHw8otcT9Y	2254
508	Minecraft Far Lands or Bust - #508 - Tormented Pink Sheep	2015-09-19T20:00:00.000Z	LsTK27Nk9vM	2256
509	Minecraft Far Lands or Bust - #509 - O Fortuna	2015-09-22T20:00:01.000Z	RwG2k3aVwV0	2200
510	Minecraft Far Lands or Bust - #510 - Happy Birthday To You	2015-09-24T20:00:01.000Z	KMlcrCTX20M	2342
511	Minecraft Far Lands or Bust - #511 - No Regrets	2015-09-26T20:00:02.000Z	unV5BRu_kzU	2348
512	Minecraft Far Lands or Bust - #512 - The Notch of Notch	2015-09-29T20:00:00.000Z	AF_xRBii90U	2203
513	Minecraft Far Lands or Bust - #513 - Monument of Monuments	2015-10-01T20:00:00.000Z	44TL0L8FhL4	2283
514	Minecraft Far Lands or Bust - #514 - Irish Gluten	2015-10-03T20:00:01.000Z	f7mPmm7MxUg	2193
515	Minecraft Far Lands or Bust - #515 - Ice Spiders	2015-10-06T20:00:02.000Z	nft9qoAMm4g	2281
516	Minecraft Far Lands or Bust - #516 - Granular Eclipse	2015-10-08T20:00:02.000Z	mvlxrbb586U	2235
517	Minecraft Far Lands or Bust - #517 - Wolfie Speaks	2015-10-10T20:00:03.000Z	SRdJin0k2JI	2222
518	Minecraft Far Lands or Bust - #518 - Pseudo Sub Like	2015-10-13T20:00:00.000Z	0fRvvDr48Zs	2236
519	Minecraft Far Lands or Bust - #519 - Avant Gardener	2015-10-17T19:00:01.000Z	IxXGeP12jJY	2170
520	Minecraft Far Lands or Bust - #520 - Oil vs. Wax: The Beard Debate	2015-10-20T20:00:01.000Z	WvmwkQW6d0w	2205
521	Minecraft Far Lands or Bust - #521 - Seeing Red	2015-10-22T20:00:01.000Z	roCupKDNYR8	2308
522	Minecraft Far Lands or Bust - #522 - Snipping Fingers	2015-10-24T20:00:00.000Z	SvGfcGpXsBM	2197
523	Minecraft Far Lands or Bust - #523 - Worlds Colliding	2015-10-27T20:00:01.000Z	xGgUYw0DEs8	2191
524	Minecraft Far Lands or Bust - #524 - YouTu Bread	2015-10-29T20:00:00.000Z	gNtD0ILL15w	2328
525	Minecraft Far Lands or Bust - #525 - Vortex to the Underworld	2015-10-31T20:00:01.000Z	N92LcXJeS_c	2261
526	Minecraft Far Lands or Bust - #526 - Continental Shift	2015-11-03T21:00:00.000Z	76_nPBSWl90	2235
527	Minecraft Far Lands or Bust - #527 - Deep Dish Click Bait	2015-11-05T21:00:00.000Z	GupyMSl9qZY	2384
528	Minecraft Far Lands or Bust - #528 - Perfected Snoring	2015-11-13T19:30:00.000Z	Jw7wcrDLon8	2285
529	Minecraft Far Lands or Bust - #529 - Hesitant of Early-Access	2015-11-15T17:00:01.000Z	7_0ynDWfX2A	2158
530	Minecraft Far Lands or Bust - #530 - Sleep Aid in Bulk	2015-11-17T21:00:00.000Z	rPtCaL3fTYI	2212
531	Minecraft Far Lands or Bust - #531 - Dog Name Confusion	2015-11-19T21:00:01.000Z	FKhLbJh1Yug	2317
532	Minecraft Far Lands or Bust - #532 - Wolfie's 500th Episode!	2015-11-21T21:00:01.000Z	w0ksnk72y_4	2244
533	Minecraft Far Lands or Bust - #533 - Tesla Meditation Pod	2015-11-24T21:00:03.000Z	mdm0-9KgLmo	2212
534	Minecraft Far Lands or Bust - #534 - A Decent Proposal	2015-11-26T21:00:01.000Z	7junGFLbY_M	2224
535	Minecraft Far Lands or Bust - #535 - Honestly Dishonest	2015-11-28T21:00:00.000Z	ZeEjTvFA1rU	2230
536	Minecraft Far Lands or Bust - #536 - Pumpkin Pyramid!	2015-12-01T21:00:00.000Z	Zl4oYBvGUKs	2261
537	Minecraft Far Lands or Bust - #537 - Return to the Earth	2015-12-03T21:00:00.000Z	dWTnsmt6Wuw	2183
538	Minecraft Far Lands or Bust - #538 - Daydreaming Time	2015-12-05T21:00:00.000Z	i2hdm5GHTdM	2224
539	Minecraft Far Lands or Bust - #539 - Walking Around the Moon	2015-12-08T21:00:00.000Z	4F2JP4r5Wpg	2245
540	Minecraft Far Lands or Bust - #540 - Withering Tangerine	2015-12-16T21:00:00.000Z	jn_6M0hI1nE	2217
541	Minecraft Far Lands or Bust - #541 - Telltale Villain	2015-12-18T20:00:01.000Z	tOcoZhwT5fE	2119
542	Minecraft Far Lands or Bust - #542 - The KurtJTatt Initiative	2015-12-22T21:00:00.000Z	8Hpbnsoydhg	2252
543	Minecraft Far Lands or Bust - #543 - Stick the Landing	2015-12-24T21:00:02.000Z	zxbzpITG000	2254
544	Minecraft Far Lands or Bust - #544 - Shouldn't Be Surprised	2015-12-26T20:00:01.000Z	JCQfc4Nl2u8	2287
545	Minecraft Far Lands or Bust - #545 - Unpredictable New Year's	2015-12-31T22:00:01.000Z	Rh1hgRDKnTI	3001
546	Minecraft Far Lands or Bust - #546 - You Are The Product	2016-01-02T21:00:03.000Z	yFJVpxM2YnI	2215
547	Minecraft Far Lands or Bust - #547 - Ancient Clothing	2016-01-05T21:00:01.000Z	TccU59tZKBg	2189
548	Minecraft Far Lands or Bust - #548 - Crazy Face Mountain Guy!	2016-01-07T21:00:00.000Z	Y9QYMXIyITQ	2294
549	Minecraft Far Lands or Bust - #549 - No City for Old Men	2016-01-09T20:00:00.000Z	I8womH05aGs	2288
550	Minecraft Far Lands or Bust - #550 - Golden [Clock] Anniversary	2016-01-12T21:00:01.000Z	rYYYpjrxHJc	2240
551	Minecraft Far Lands or Bust - #551 - Gunpowder Matinee	2016-01-14T20:00:00.000Z	On8vJqOR21E	2194
552	Minecraft Far Lands or Bust - #552 - Anti-Coffee Pod	2016-01-16T21:00:03.000Z	wf8WjYL-CJc	2268
553	Minecraft Far Lands or Bust - #553 - Google Plus Crater	2016-01-19T21:00:00.000Z	whYPxfOolj8	2286
554	Minecraft Far Lands or Bust - #554 - Floaty Island Photobomb	2016-01-21T21:00:01.000Z	38zUq-Rw_AU	2308
555	Minecraft Far Lands or Bust - #555 - Soggy Duvet	2016-01-23T18:00:02.000Z	MKkuLTaAInE	2330
556	Minecraft Far Lands or Bust - #556 - Fog Before the Storm	2016-01-28T20:00:00.000Z	SFlb-HmzpE0	2378
557	Minecraft Far Lands or Bust - #557 - Sixty Frames of Fail	2016-02-09T20:00:03.000Z	lF7yzR6Pynw	2227
558	Minecraft Far Lands or Bust - #558 - Gravity Waves Broke My Internet	2016-02-12T00:30:00.000Z	yP3AM3NqhI0	2358
559	Minecraft Far Lands or Bust - #559 - Oceanic Astronaut	2016-02-13T21:00:00.000Z	kwQUxOQHLaU	2287
560	Minecraft Far Lands or Bust - #560 - Recap Conspiracies	2016-02-18T22:00:01.000Z	h2v0ku8bWTQ	2322
561	Minecraft Far Lands or Bust - #561 - Routing Frustrations	2016-02-20T17:00:00.000Z	1CT8wLmYr4E	2333
562	Minecraft Far Lands or Bust - #562 - Existing in a Space	2016-02-23T20:00:01.000Z	MuFmVDfLUZw	2281
563	Minecraft Far Lands or Bust - #563 - Distinct Lack of Coffee	2016-02-25T20:00:01.000Z	wxp4atJ5Abg	2229
564	Minecraft Far Lands or Bust - #564 - Topographic Map	2016-02-27T20:00:01.000Z	Lln4kim2Tno	2252
565	Minecraft Far Lands or Bust - #565 - Illuminated Hidey Hole	2016-03-01T20:00:02.000Z	aJStFlFRm7Q	2353
566	Minecraft Far Lands or Bust - #566 - Endless Ice Ocean	2016-03-03T21:00:02.000Z	hq69j6p-HS8	2370
567	Minecraft Far Lands or Bust - #567 - Dance If You Want To	2016-03-05T23:00:00.000Z	wjLcpHTTHXk	2177
568	Minecraft Far Lands or Bust - #568 - Five Years of FLoB	2016-03-08T20:00:30.000Z	rqxyxY8gdpU	2946
569	Minecraft Far Lands or Bust - #569 - Leave No Trace	2016-03-11T00:00:00.000Z	skTh9pqTN6U	2214
570	Minecraft Far Lands or Bust - #570 - Balogna, Pastrami, Salami	2016-03-12T23:00:00.000Z	eLWjtxwHthU	2250
571	Minecraft Far Lands or Bust - #571 - Triple the Monitors	2016-03-16T01:00:01.000Z	bD5DYCaAHGo	2273
572	Minecraft Far Lands or Bust - #572 - Asker Becomes the Askee	2016-03-17T19:00:00.000Z	d2VkJhVpEN4	2198
573	Minecraft Far Lands or Bust - #573 - Skeleton Debate	2016-03-20T00:00:00.000Z	gClk-UpNGD8	2960
574	Minecraft Far Lands or Bust - #574 - Chance to be an Astronaut	2016-03-22T19:00:02.000Z	PalcocbwB94	2200
575	Minecraft Far Lands or Bust - #575 - Half-Way There! (Fundraiser, that is.)	2016-03-25T00:42:18.000Z	BGc4K3R4OjA	2199
576	Minecraft Far Lands or Bust - #576 - Quantum Wolfie	2016-03-26T22:30:00.000Z	7fHdoexJoRc	2309
577	Minecraft Far Lands or Bust - #577 - Seeking Asylum in Minecraft	2016-03-29T21:00:00.000Z	0HiGl5NiEWY	2267
578	Minecraft Far Lands or Bust - #578 - Premature F3 Pressing!	2016-03-31T19:00:01.000Z	rhWH_dB_SS0	2260
579	Minecraft Far Lands or Bust - #579 - Dreams of Sudden Nudity	2016-04-02T22:00:00.000Z	GBRAYWaHJhc	2154
580	Minecraft Far Lands or Bust - #580 - Pre-Amped Up	2016-04-05T20:00:01.000Z	6XQ3DqQAYsk	2209
581	Minecraft Far Lands or Bust - #581 - Scrub Tub	2016-04-07T21:00:00.000Z	PbzNhhKNqB4	2192
582	Minecraft Far Lands or Bust - #582 - Stick the Landing!	2016-04-09T22:00:00.000Z	D72i2DFfIQ4	2177
583	Minecraft Far Lands or Bust - #583 - Astronaut Fing-Longer	2016-04-12T21:00:01.000Z	llIScOTstsM	2238
584	Minecraft Far Lands or Bust - #584 - Combat Update Ramblings	2016-04-14T21:00:00.000Z	5AJVgZxZ2_g	2179
585	Minecraft Far Lands or Bust - #585 - All Is Lost!	2016-04-16T22:00:00.000Z	2rdzbD-uroQ	2363
586	Minecraft Far Lands or Bust - #586 - Reality TV Crunch	2016-04-21T21:00:01.000Z	mXiIDyIgiAM	2252
587	Minecraft Far Lands or Bust - #587 - Convention Currency	2016-05-03T20:00:00.000Z	EE6fPxbvtyM	2226
588	Minecraft Far Lands or Bust - #588 - Farlander Furlough	2016-05-06T20:00:01.000Z	DD8glC7DkuU	2272
589	Minecraft Far Lands or Bust - #589 - Because Racecar	2016-06-05T18:00:00.000Z	5g1k94jlAPw	2230
590	Minecraft Far Lands or Bust - #590 - My Bed Blew-Up!	2016-06-12T17:00:01.000Z	JZtTPElgg_w	2263
591	Minecraft Far Lands or Bust - #591 - Don't Call It A Union	2016-06-19T18:00:01.000Z	hHbyuuVXSh8	2163
592	Minecraft Far Lands or Bust - #592 - Subscriber Surge Science	2016-06-26T20:00:00.000Z	Pbkt3jI6WZM	2220
593	Minecraft Far Lands or Bust - #593 - Vintage Beef Stroganoff	2016-07-03T18:00:02.000Z	kx-Vm-uUh2g	2205
594	Minecraft Far Lands or Bust - #594 - Golden Apple Gambles	2016-07-08T18:00:02.000Z	bRHJthNhKwA	2223
595	Minecraft Far Lands or Bust - #595 - Cybernetic Eyeballs	2016-07-12T18:00:03.000Z	wOCpIl4RgfE	2210
596	Minecraft Far Lands or Bust - #596 - Lonely Frozen Pokemon	2016-07-14T17:30:00.000Z	HnAWQeoqbQE	2204
597	Minecraft Far Lands or Bust - #597 - Hole In One	2016-07-16T18:00:00.000Z	Bfd_N2Vi_go	2232
598	Minecraft Far Lands or Bust - #598 - eXtreme Sleeping!	2016-07-20T18:23:23.000Z	IBOW7b2ya8I	2133
599	Minecraft Far Lands or Bust - #599 - Oldest Inventory Item	2016-07-28T17:00:04.000Z	mB9nbOTIgJk	2183
600	Minecraft Far Lands or Bust - #600 - Double Cursed!	2016-08-08T19:00:02.000Z	lK-9-G1rajc	4287
601	Minecraft Far Lands or Bust - #601 - Apprehensive Acquisitions	2016-08-17T22:00:01.000Z	ivbKRmIJOIM	2163
602	Minecraft Far Lands or Bust - #602 - Barge Engineer	2016-08-20T20:00:02.000Z	aqSSeiMc7cY	2215
603	Minecraft Far Lands or Bust - #603 - Mosquito All-Star	2016-08-24T18:00:02.000Z	yd0ClzkH1Po	2089
604	Minecraft Far Lands or Bust - #604 - Proxima Bear	2016-08-27T18:00:04.000Z	o6X568T9HxI	2175
605	Minecraft Far Lands or Bust - #605 - Al Dente	2016-09-10T18:00:01.000Z	gv9FFGp5xlU	2129
606	Minecraft Far Lands or Bust - #606 - Scared of the Dark?	2016-09-14T18:00:01.000Z	YSlTdnHPCJc	2209
607	Minecraft Far Lands or Bust - #607 - Cool Your Noodles!	2016-09-16T19:00:02.000Z	bZTEjGxMvbc	2238
608	Minecraft Far Lands or Bust - #608 - Geek Disqualifiers	2016-09-18T18:00:01.000Z	XR_uFFT2c74	2152
609	Minecraft Far Lands or Bust - #609 - Pay At The Pump	2016-09-20T18:00:03.000Z	xO_g9E1oQgc	2132
610	Minecraft Far Lands or Bust - #610 - Deals & Wheels	2016-09-22T18:00:01.000Z	DLlm7Dxc6Gk	2209
611	Minecraft Far Lands or Bust - #611 - SpaceX Tour!	2016-10-05T19:00:01.000Z	oiTHzXDm8-Q	2905
612	Minecraft Far Lands or Bust - #612 - Homeschooled Spoilers	2016-10-09T18:00:01.000Z	8c8EM_giY0M	2267
613	Minecraft Far Lands or Bust - #613 - Lucky Thirteen	2016-10-11T18:00:02.000Z	x0H_vgY9GH0	2213
614	Minecraft Far Lands or Bust - #614 - Jeans and Tee Shirt	2016-10-15T18:00:01.000Z	dTLy1XvpjLw	2320
615	Minecraft Far Lands or Bust - #615 - Tree Man!	2016-10-18T17:00:01.000Z	QSkLF06ZFrU	2148
616	Minecraft Far Lands or Bust - #616 - Space is Hard	2016-10-20T17:00:06.000Z	is0a32lmPbY	2192
617	Minecraft Far Lands or Bust - #617 - Answerable Questions	2016-10-25T18:00:30.000Z	BO5VE3SWAGk	2095
618	Minecraft Far Lands or Bust - #618 - Obsidian Mystery	2016-10-27T18:00:01.000Z	ZuD6Mwe3yoM	2138
619	Minecraft Far Lands or Bust - #619 - Wolfie Jumps In	2016-10-29T20:00:00.000Z	Vnnt-UWiPzs	2222
620	Minecraft Far Lands or Bust - #620 - Stick to the Spoon	2016-11-08T18:00:02.000Z	JE0wb-X8jro	2245
621	Minecraft Far Lands or Bust - #621 - Boxers and/or Briefs	2016-11-12T22:00:00.000Z	FqRxQuEg8Eo	2937
622	Minecraft Far Lands or Bust - #622 - Relevation Revelation	2016-11-15T21:00:01.000Z	oMw1RiP36gY	2197
623	Minecraft Far Lands or Bust - #623 - A Sharp Cheddar	2016-11-17T23:00:01.000Z	noCjLjBLPoo	2173
624	Minecraft Far Lands or Bust - #624 - Speak of the Swine	2016-11-20T00:00:00.000Z	0vfvuqzIvfU	2178
625	Minecraft Far Lands or Bust - #625 - Invisible Chili Engineer	2016-11-23T19:00:01.000Z	Qf8-H5X69sY	2233
626	Minecraft Far Lands or Bust - #626 - Déjà Vu To You Too	2016-11-26T21:00:00.000Z	-Xad2ocfebk	2342
627	Minecraft Far Lands or Bust - #627 - Futons Aren't Beds	2016-11-29T21:00:01.000Z	_Qs7zhb34Xw	2151
628	Minecraft Far Lands or Bust - #628 - Self Driving Refrigerator	2016-12-03T20:00:00.000Z	1GyT6odmhXk	2292
629	Minecraft Far Lands or Bust - #629 - Breathing Through His Ears	2016-12-09T20:00:03.000Z	fGDv_GlQajY	2223
630	Minecraft Far Lands or Bust - #630 - Bug Out Bag	2016-12-12T18:00:01.000Z	SVBBjW2lLhQ	2241
631	Minecraft Far Lands or Bust - #631 - Drone Zone	2016-12-14T21:00:00.000Z	6FO_-tW6Dts	2168
632	Minecraft Far Lands or Bust - #632 - Woodie Woodchuck	2016-12-17T21:00:02.000Z	vJ-BGEgpQVo	2149
633	Minecraft Far Lands or Bust - #633 - Super Person	2016-12-20T19:00:01.000Z	3MMNP6XFBYQ	2177
634	Minecraft Far Lands or Bust - #634 - Patience for Puzzles	2016-12-22T23:30:00.000Z	ciREATRULJQ	2232
635	Minecraft Far Lands or Bust - #635 - 100% Charity Goal Reached!	2016-12-25T17:00:05.000Z	tHPzB30rdks	2279
636	Minecraft Far Lands or Bust - #636 - First Cake!	2016-12-28T18:00:03.000Z	bvkNLd-bSq0	2191
637	Minecraft Far Lands or Bust - #637 - Eclipse Year!	2017-01-01T23:00:03.000Z	tKDReSRx-_Q	2279
638	Minecraft Far Lands or Bust - #638 - Continuing On	2017-01-04T21:00:00.000Z	KgsRbgR5SJM	2204
639	Minecraft Far Lands or Bust - #639 - Canyon of Whoa Whoa Whoa!	2017-01-07T01:00:00.000Z	HIQkSZP11nA	2342
